[
  {
    "tittle": "The Snubs, Surprises, and Historic Nods of the 2022 Emmy NominationsMichael Pollan on the Psychedelic Renaissance and Netflix's New 'How to Change Your Mind' DocumentaryRich Nations Caused Climate Harm To Poorer Ones, Study SaysCDC Faulted For Inability to Track Covid’s Spread Via Air TravelPersuasion Is a Subpar Jane Austen Adaptation. But Many of Its Critics Are Missing the PointDeforestation In Brazilian Amazon Hits Tragic Record In 2022",
    "link": "/6196381/emmys-snubs-surprises-2022/"
  },
  {
    "tittle": "The Snubs, Surprises, and Historic Nods of the 2022 Emmy NominationsMichael Pollan on the Psychedelic Renaissance and Netflix's New 'How to Change Your Mind' DocumentaryRich Nations Caused Climate Harm To Poorer Ones, Study SaysCDC Faulted For Inability to Track Covid’s Spread Via Air TravelPersuasion Is a Subpar Jane Austen Adaptation. But Many of Its Critics Are Missing the PointDeforestation In Brazilian Amazon Hits Tragic Record In 2022",
    "link": "/6196381/emmys-snubs-surprises-2022/"
  },
  {
    "tittle": "The Snubs, Surprises, and Historic Nods of the 2022 Emmy NominationsMichael Pollan on the Psychedelic Renaissance and Netflix's New 'How to Change Your Mind' DocumentaryRich Nations Caused Climate Harm To Poorer Ones, Study SaysCDC Faulted For Inability to Track Covid’s Spread Via Air TravelPersuasion Is a Subpar Jane Austen Adaptation. But Many of Its Critics Are Missing the PointDeforestation In Brazilian Amazon Hits Tragic Record In 2022",
    "link": "/6196381/emmys-snubs-surprises-2022/"
  },
  {
    "tittle": "The Snubs, Surprises, and Historic Nods of the 2022 Emmy NominationsMichael Pollan on the Psychedelic Renaissance and Netflix's New 'How to Change Your Mind' DocumentaryRich Nations Caused Climate Harm To Poorer Ones, Study SaysCDC Faulted For Inability to Track Covid’s Spread Via Air TravelPersuasion Is a Subpar Jane Austen Adaptation. But Many of Its Critics Are Missing the PointDeforestation In Brazilian Amazon Hits Tragic Record In 2022",
    "link": "/6196381/emmys-snubs-surprises-2022/"
  },
  {
    "tittle": "The Snubs, Surprises, and Historic Nods of the 2022 Emmy NominationsMichael Pollan on the Psychedelic Renaissance and Netflix's New 'How to Change Your Mind' DocumentaryRich Nations Caused Climate Harm To Poorer Ones, Study SaysCDC Faulted For Inability to Track Covid’s Spread Via Air TravelPersuasion Is a Subpar Jane Austen Adaptation. But Many of Its Critics Are Missing the PointDeforestation In Brazilian Amazon Hits Tragic Record In 2022",
    "link": "/6196381/emmys-snubs-surprises-2022/"
  },
  {
    "tittle": "The Snubs, Surprises, and Historic Nods of the 2022 Emmy NominationsMichael Pollan on the Psychedelic Renaissance and Netflix's New 'How to Change Your Mind' DocumentaryRich Nations Caused Climate Harm To Poorer Ones, Study SaysCDC Faulted For Inability to Track Covid’s Spread Via Air TravelPersuasion Is a Subpar Jane Austen Adaptation. But Many of Its Critics Are Missing the PointDeforestation In Brazilian Amazon Hits Tragic Record In 2022",
    "link": "/6196381/emmys-snubs-surprises-2022/"
  }
]
